post,label
"Doran's Helm has started to be picked up on a few ADC's, especially ones that have particularly strong synergies with the resists (Senna through healing and the effective health it provides synerging well with the resists) and Jhin (as he has a lot of his early damage in base damage) We're looking to keep these incentives intact directionally, but try to make the item a little more balanced for these users",balance_discussion
"T1 beating GenG in spring is tethering on uncharted waters. Where do we go from here? Is the universe timeline reaching a new dimension? T1 won a trophy outside of Worlds, then T1 beat Gen G outside of Worlds. If Gen G also loses MSI this year, they're 100% winning worlds and that's the script.",esports_discourse
"As soon as we passed the honor screen, my duo and I saw the feedback report pop up saying that a player we played with had been banned for scripting. The account hasn't played any more games. My question is, if Vanguard detected that the player was cheating instantly, why wasn't the game terminated?",community_meta
"Brand changes are primarily targeted at his Bot carry tuning, while also trying to affect his support and mid less. That said, Brand support is also often a frustrating experience for bot laners and so we think he should also sit a little lower sustainably. Given that Brand Support synergizes better with mana regen, we're compensating through this avenue but adding some amount of mana pressure for the roles that need to use E more often",balance_discussion
"Of everyone on T1, open shot, the fate of the universe on the line, the Martians have the death beam pointed at earth, you better hit it, I WANT PEYZ CAITLYN.",esports_discourse
"It use to cancel it right away but on release it was instantly cancelling high elo pro player solo qué games at times, there's a famous clip of the worlds winning adc Jackeylove getting his game cancelled mid way because it thought he was script in a fight, so now the system waits to check for a bit before cancelling.",community_meta
"For systems changes, we have an Imperial Mandate buff. So far it has added a few users into the pool, however a bunch of these are midlaners like Galio, fringe TF, Liss, etc. This set of changes is meant to position it to be more fantasy forward for Support champions while also giving it a bit of a power up. It's not really the 'best item' on any support at current tuning and for an item with as strong kit synergies as this it probably should be if it's appropriately powerful",balance_discussion
"Gen.G realized the limitations of their turtling, late-game value style and is trying to change. Whilst T1 are limit testing their shiny new ADC, and are creating late-game team fight comps for him to thrive (like Peyz). Both teams are getting influenced by each other, it;s so cool to see lol.",esports_discourse
"No game ever, NONE is ever worth giving a game developer backdoor kernel level access to your PC. NO game is worth that. If the option is cheaters and playing the game or no cheaters with Chinese owned companies having kernel access to your PC at all times but playing the game - I choose not playing, every time. 'But they would never use it as a backdoor', giving them the opportunity to do so and the fact that it is there is enough.",community_meta
"Yeah the interaction is going but she always stacked cleaver so fast anyway that I wonder how much she was reliant on that for her strength, she has been top tier for awhile now. Senna can stack cleaver fast single target, what dft allows her to do is stack it while simply sneezing at the enemy team. A multi man Q/W/R will all apply full BC stacks.",balance_discussion
"Ruler vs Peyz in their first best of five with these stakes is insanely hype. When they brought that up in the cast I was legitimately shocked. I forgot they basically swapped regions at the same time and that Gen has never played JDG in a Bo5, actually crazy they've never played each other in this type of match.",esports_discourse
"Vanguard monitors all your processes, that's why it has to run on boot and at a Kernel level. Not even that. It only keeps an eye on what happens in kernel land (what drivers get loaded and such). It only looks at the rest of the system when you launch a game that uses it. Vanguard's driver can and has caused BSOD's. This applies with all drivers.",community_meta
"Helping Leblanc scale a little better into the Mid and Late game with this set of changes. Given that these buffs help scaling, should also disproportionately help Solo Q [R-Q] Mimic: Sigil of Malice base damage increased 70/140/210 >>> 70/150/230 (doubled on consumption) [R-W] Mimic: Distortion base damage increased 150/300/450 >>> 150/315/480.",balance_discussion
"Yeah. Really feels like way especially after Faker's death at final top tower. Seems like the team didn't expect him to be the one initiating. Right after that the team (other than Faker) tried to initiate at the final bot fight. My god, why didn't they do that earlier before they were 10k down or something? If there's one thing I think is a downside of playing in T1 is you always expect Faker to do something crazy to pull the game back",esports_discourse
"The Report System gets constantly flooded with unreasonable reports. So it needs a Lot of reports when Someone is actually cheating and the cheat isnt detected by Vanguard, otherwise probably all of us would have been banned by now. Same, they ban in waves, not as they advertised. Took an entire week to ban a cheater I reported.",community_meta
"Last patch, we had a change to Moonstone that fixed it being doubly impacted by either Grievous Wounds or Heal and Shield Power. Yuumi is one of the few champions who has Heal Shield power baked into her kit and so she was disproportionately impacted. As a result, we're compensation buffing her Jax. Gwen. Aatrox. Hwei.",balance_discussion
"On 26.10, we made some adjustments to Lee Sin that gave power back to some of the fun elements in his kit that lost a lot of power over the years (namely the amounts of dashes he has access to, etc.) This made Lee Sin a pretty strong champion in higher levels of play again and in a way that we think is fantasy aligned for him. However, the magnitude is a bit too much, so we're pulling it back slightly.",balance_discussion
"They have buffed Hwei 3 times in a row ever since they nerfed his QE damage lmao. Syndra's last round of nerfs were unnecessary as well so I wonder if they'll just revert that. Also, are they really fine with actualiser being just a Ryze item, the item needs some further adjustments beyond the last cost adjustment.",balance_discussion
"Hwei's QE promotes degenerate gameplay pattern of uninteractiveness and perma shoving. i'm guessing (from what they've wrote in other recent patch buffs) that they'll keep buffing hiim to a satisfying point without buffing his waveclear again, and thats fair imo.",balance_discussion
"Especially in Pro play recently, we've been seeing some usages of Teleport at very short ranges to prepare quite large shields for tactical usages in combats (such as objective fights) While this is a cool usage of the spell, it's a pretty unintuitive behavior and we want to skew its usage to be better to use for its cross-map and 'joining fights' capabilities. As a result, we're reducing the duration of the shield",balance_discussion
T1 vs HLE decides the first LCK MSI spot and whoever loses still has a chance through Gen.G or KT. This Road to MSI bracket is genuinely stressful.,esports_discourse
Peanut was also the main shot caller and macro for HLE so having Kanavi who plays a completely different style of league and how he wants to approach the game takes time to adjust to. Even T1 needed a bit of an adjustment period with a new ADC since Peyz plays a more resource heavy style then Guma. I remember Guma basically saying communication was the main thing they had to work on,esports_discourse
The format is just actually complete junk. super week is what killed them.... seriously whoever tot playing one bo5 randomly is a good idea..... fighting T1 or Gen G on a bo5 vs fighting BRO or KRX on a bo5 is night and day... its getting zero wins vs 3 wins lol.,esports_discourse
"LPL has higher peaks whereas LCK is better on average. its because the lpl has so many teams that play unique playstyles that when worlds comes around and the meta changes one or two teams bomb out because their playstyle no longer fits the meta and the meta shift buffs a team (EDG, fpx). the last two years based on groups and semis shows that the LCK is just better on average.",esports_discourse
"Replacing what should be the preseason with an actual split and accompanying tournament is not great viewing, competition or telling anyone meaningful about which teams are strong or not.",esports_discourse
"Vanguard doesn't terminate a game with a cheater, yet instantly bans the account as soon as the game ends. As soon as we passed the honor screen, my duo and I saw the feedback report pop up saying that a player we played with had been banned for scripting. The account hasn't played any more games.",community_meta
"Only once when vanguard came out the entire screen chamged colors the game froze and it said the game has been terminated, a cheater has been banned it scared the fuck out of me.",community_meta
"A big advantage of Vanguard is that now every bot banned catches a hardware ban, so it's a lot harder to simply make a new, better bot and try again. Big waves after they can't do anything financial for recoup is the expectation.",community_meta
Ever since the micro-patch last night my game keeps micro-stuttering whenever a teamfight breaks out. My FPS drops from 144 to like 45 out of nowhere. I checked my task manager and Vanguard is chewing up 35% of my CPU during these freezes. Is anyone else experiencing this or did my hardware just choose today to die?,community_meta
"It feels like they completely over-buffed Black Cleaver. Giving it back the full armor shred value on top of the health buff means bruisers can just auto-win sidelanes against pure tanks. Combined with the components being cheaper, you complete it at 9 minutes and there is zero counterplay for a Malphite or Sion.",balance_discussion
Does anyone else think the current LCK playoff format is kind of exhausting? Having a double elimination bracket squeezed into two weeks means teams have practically zero time to prepare unique strategies or pocket picks between series. It just ends up being the exact same 15 champions picked and banned every single game.,esports_discourse
"I really hope they don't nerf Maokai support into the ground just because he's a flex pick in competitive. He feels completely fine to play against in solo queue where teams don't coordinate around his sapling vision control perfectly. If you take away his base health to fix pro play, you kill the champion for 99% of players.",balance_discussion
"The new $200 mythic scam cosmetics are getting worse. Now Riot is locking unique champion select animations behind these bundles. It doesn't affect gameplay, but it completely ruins the event experience for casual fans who just want to collect cool things for their favorite champions without spending a car payment.",community_meta
"If G2 doesn't make it to the finals of MSI this year, this roster is a failure. They have dominated the LEC for three splits in a row, but they still look incredibly disjointed whenever they have to play against a top-tier LCK macro style. Caps can't carry every single map by himself anymore.",esports_discourse
"Can we discuss how absurd Smolder's execute scaling is? Even if you stomp him in lane and deny him farm, if the game goes past 30 minutes he eventually hits his stack threshold and completely breaks teamfights. A basic ability shouldn't have an elder dragon buff attached to it just for existing.",balance_discussion
"Riot needs to update their automated penalty system because getting a 14-day ban for typing 'please play together' while a 3-man premade reports you out of spite is ridiculous. Meanwhile, the guy who ran down mid lane with Ghost and Cleanse doesn't even trigger a system warning because he didn't type in chat.",community_meta
"The narrative that LPL is declining is so overblown. Just because one or two top teams underperformed at the international stage doesn't mean the entire region is weak. The bottom-tier teams in China still play a high-tempo, aggressive skirmish style that would completely overwhelm most Western teams.",esports_discourse
"Lowering the AP ratio on Nidalee's spears from 50% to 45% completely misses the issue. The reason she's dominant right now isn't her poke damage, it's how fast she can clear the jungle camps with the new attack speed buffs on her passive. She gets a full item before you can even hit level 4.",balance_discussion
"Why does the League client still take up like 4GB of RAM while sitting idle in the background? Half the time I finish a game, the client window just turns into a permanent black box and I have to use Task Manager to kill the process just so I can reload and queue up for another match with my friends.",community_meta
"I really want to see Faker pick his signature Ryze or LeBlanc in game 5, but the current meta just heavily penalizes blind picking traditional control mages. If you don't secure Azir or Orianna in the first phase, you're forced into picking a low-resource champion just so your jungler can carry.",esports_discourse
The changes to Doran's Blade this patch are massive for ranged top laners. Adding flat health on hit instead of generic life steal means champions like Vayne or Teemo can just completely ignore minion aggro when poking you down under tower. Melee bruisers have zero sustain options left.,balance_discussion
The casting crew for the LEC this weekend was incredible. The analyst desk actually broke down the mid-game map movements instead of just shouting over teamfights. It makes watching the professional scene so much more engaging when the broadcast explains the 'why' behind a lane swap strategy.,esports_discourse
My honor level has been stuck at level 2 checkpoint 1 for literally four months despite getting honored in almost every game I play. Does the system just penalize you permanently if you get a single automated chat restriction? I just want my end-of-season rewards without having to grind 500 matches.,community_meta
"With the upcoming cost reduction to Infinity Edge, crit ADCs are going to be completely out of control. It completely skews the power spikes because completing it alongside an attack speed component gives you a 2-item spike that out-damages mages who spent the same gold on three items.",balance_discussion
I'm so sick of the constant roster shuffling in the LCS. Teams keep importing washed-up players from other regions instead of giving native Academy players a genuine chance to develop on the main stage. No wonder the viewership is dropping when fans can't even connect with the players.,esports_discourse
"Is anyone else getting randomly disconnected by Vanguard error code VAN 1067 mid-game? It always seems to happen right when an objective spawns, forcing me to restart my entire computer while my team loses Baron. My internet is completely stable, so it's definitely an anti-cheat bug.",community_meta
They need to pull back on the durability changes they gave to fighters. Champions like Aatrox and Renekton are building pure damage items but still retaining enough base health to survive a full burst combo from an ahead assassin. The class balance feels completely backwards right now.,balance_discussion
The post-match interview with the FlyQuest coach was so refreshing. He straight up admitted they completely misread the draft meta in game 2 and panicked when their primary champion pool got banned out. It's rare to see that level of honesty instead of just standard PR talk.,esports_discourse
"Vanguard has an issue with some motherboard audio drivers since the last hotfix. If I open the League client while Discord is running, my entire audio system crackles and then completely mutes until I close the game and restart my PC. Checked the logs and it's definitely vgm.exe blocking the driver thread.",community_meta
The upcoming patch 26.13 preview lowering the base damage on Rumble's Q early game while increasing the cooldown on his shield is a great change. He has had way too much lane priority in top lane because he could just perma-shove without any resource management or risk of getting traded back.,balance_discussion
"Does anyone know why FlyQuest decided to run the lane swap strategy in game 3 against Team Liquid when their bot lane had a winning matchup? It felt like they voluntarily gave up their own win condition just to mimic what LCK teams are doing, and it completely backfired on them.",esports_discourse
"I really don't think itemizing Lord Dominik's Regards feels good anymore after they removed the Giant Slayer passive. Now there's practically no difference between building it or Mortal Reminder other than the anti-heal, which completely flattens the choice ADCs have to make against heavy tanks.",balance_discussion
The state of Emerald tier right now is a psychological experiment. Every single game is decided by which team has the player who tilts first and starts soft-inting or spamming surrender votes because they died once to an early jungle gank. The system needs to punish this behavioral griefing much harder.,community_meta
It is absolutely insane that Faker has managed to maintain this high of a competitive level for over a decade. Seeing the arena crowd's reaction to his plays during the regional finals match yesterday just proves that he is irreplaceable for the global viewership and growth of League esports.,esports_discourse
"Reducing the AP ratio on Lillia's passive burn from 1.5% per 100 AP to 1.2% is going to completely kill her clear speed in the mid-game. She already struggles against early game invading junglers like Nidalee, and taking away her scaling just means she won't ever be a viable pick in this meta.",balance_discussion
"Can Riot please fix the bug where the client loading screen randomly freezes at 90% and won't let you connect? You don't even realize the game has started until you manually Alt+F4, restart the client, and log back in only to see that your team already remade and you lost 15 LP for nothing.",community_meta
"The post-match interview with the G2 coach was incredibly revealing. He explicitly stated that they haven't been able to secure quality scrims against Eastern teams because of scheduling conflicts, which completely explains why their macro coordination looked so disjointed on stage during groups.",esports_discourse
Why are mages still allowed to abuse Torch and Blackfire together? The raw mana regen combined with the double burn passive gives champions like Brand and Zyra an incredibly cheap two-item power spike that lets them miss half their skills and still out-damage a fully farmed ADC in teamfights.,balance_discussion
"My account got locked out due to a 'critical security error' from Vanguard, and Riot's player support has just sent me three automated macro responses in a row without actually looking at my attached logs. It feels impossible to get a real human being to review a false positive ban nowadays.",community_meta
"If Chovy doesn't win an international title this year with this current Gen.G roster, the community narrative about him being the best mechanical mid laner is going to take a massive hit. He completely dominates domestic regular seasons but always seems to play too defensively when the worlds stakes are high.",esports_discourse
"The buffs to Wit's End giving it ten more magic resist and a cleaner build path make it an incredibly strong first item rush for on-hit champions. It completely shuts down magic damage lane bullies like Rumbling or Teemo, allowing champions like Varus or Kog'Maw to scale safely into the mid-game.",balance_discussion
"Riot needs to do a massive pass on the older champion models and animations. Looking at modern releases like Hwei or Smolder compared to champions like Cho'Gath or Malphite is jarring. Their visual quality is so outdated that it completely breaks immersion, especially when they get expensive new skins.",community_meta
"The LEC viewership numbers for the Spring Split finals are incredibly worrying. Even with a classic matchup like G2 vs Fnatic, the peak concurrent viewer count dropped by almost twenty percent compared to last year. It feels like fans are tuning out because the regional skill gap is too predictable.",esports_discourse
"Adding five base movement speed back to Graves is an incredibly dangerous lever for the balance team to pull. It completely alters his early game jungle pathing efficiency, allowing him to full clear and contest the top scuttle crab five seconds faster than almost any power-farming competitor.",balance_discussion
"I've noticed a huge surge in toxic botted accounts in co-op vs AI games lately. They just pick Ghost/Heal, walk down mid lane to auto-attack minions, and die on repeat to level up the account to 30. It makes it a terrible experience for actual new players trying to learn the basics of the game.",community_meta
The casting duo for the LPL English broadcast yesterday did a phenomenal job breaking down the drafting phase in game 4. They perfectly predicted the lane swap response and explained why picking Renekton into that specific composition was essentially a trap for the top laner.,esports_discourse
Shifting Akali's damage profile away from her E and putting more scaling into her Q is exactly how she should be balanced. It forces players to actually play around her passive ring mechanic and hit multiple abilities to secure a kill rather than just landing one stray E and bursting you down.,balance_discussion
"Is there any way to completely disable the new lobby music in the client without muting the actual queue pop sound effects? Every time an event patch drops, the client resets my custom audio settings and blasts my ears with background music while I'm waiting in champ select with my friends.",community_meta
"The rumors about Team Liquid looking to acquire an LCK support player for the upcoming Summer Split make a lot of sense. Their biggest weakness during the international stage was their macro vision control around Baron, which is an area where Eastern veterans traditionally excel.",esports_discourse
Giving Essence Reaver its old spellblade passive back has completely revived Lucian and Ezreal mid lane. The item provides such an efficient combination of infinite mana sustain and early attack damage that they can completely bully traditional mages out of lane by spamming abilities on cooldown.,balance_discussion
"The new penalty tier system for dodging champ select is way too harsh on players who are just trying to avoid obvious trolls. If I have a teammate who locks in Disco Nunu because he got autofilled, I shouldn't be forced to lose 15 LP and wait in a two-hour queue lock just for protecting my MMR.",community_meta
"With the way the brackets are shaking out, we might actually get an EU vs NA elimination match in the lower bracket at MSI. The trash talk between the regions on Twitter is already reaching peak levels, and it's honestly the most entertaining part of the competitive scene right now.",esports_discourse
Lowering the total gold cost of Mortal Reminder by one hundred gold makes it an incredibly efficient third-item pickup for ADCs who are forced to deal with heavy healing compositions early. It allows you to curve smoothly into your build without delaying your core infinity edge spike.,balance_discussion
"Vanguard keeps triggering a 'system thread exception not handled' blue screen ever since the patch this morning. I've completely reinstalled League and the Riot Client twice, but as soon as the anti-cheat driver initialises on boot, my whole rig locks up. Anyone found a temporary workaround for this driver conflict?",community_meta
The patch 26.12 preview reducing the bonus attack speed on Jinx's passive after a takedown from 25% to 20% is completely justified. Her ability to snowball a chaotic teamfight off a single assist was making her completely warp the bot lane meta around herself for three patches straight.,balance_discussion
"Watching the LEC post-match breakdown really highlighted how bad Fnatic's mid-game side lane management has gotten. They consistently gave up tier-2 tower pressure for free just to contest un-stackable drakes, completely throwing away the gold lead their jungler built early on.",esports_discourse
"I really don't understand why Riot decided to strip the flat armor penetration off the Dirk components. It completely kills the early game lethal thresholds for assassin junglers, forcing them to build fighter items instead just to survive early skirmishes against champions like Lee Sin.",balance_discussion
"The state of the text chat moderation tool is getting ridiculous. I typed 'we need to target the fed syndra' and got an instant automated in-game chat mute for the rest of the match. Meanwhile, premade groups can hold champ select hostage by threatening to run down mid lane without any punishment.",community_meta
"If Gen.G manages to complete the golden road by winning both regional splits, MSI, and Worlds this season, there is zero debate that this roster is the greatest of all time. Chovy's current form is reaching a peak that even peak 2016 Faker would have struggled to contain.",esports_discourse
Lowering the base shielding on Karma's E while giving her Q an extra 10% AP ratio is a step in the right direction. It rewards solo lane Karma players who actually build raw damage and skill expression rather than support players who just sit back and spam shields on their ADC.,balance_discussion
"Can we talk about how terrible the hextech crafting drop rates feel lately? I've opened five masterwork chests in a row and literally only received champion shards and profile icons. For a premium reward tier, it feels completely unrewarding for anyone who already owns all the characters.",community_meta
"The press conference with the Team Liquid head coach after their elimination match was incredibly blunt. He straight up called out their lack of communication during the dragon soul fight, stating that half the team wanted to turn while the other half was trying to disengage.",esports_discourse
"Why are AP junglers still allowed to rush Fated Ashes for a 900 gold full-clear cheat code? Brand and Zyra can completely clear their camps by just pressing one ability and walking away, leaving them completely healthy to contest every single scuttle crab while you're still stuck farming.",balance_discussion
"My client keeps getting stuck on a infinite 'restoring old version' loop every time I try to launch the game. I have to go into my local files, manually delete the lockfile, and run the Riot Client as an administrator just to bypass it. This software feels like it's held together by tape.",community_meta
"The tactical evolution of the lane swap meta in the LPL has been fascinating to watch this split. Teams are now bringing their support up to the top lane at level 1 to dive the enemy solo laner before the first minion wave even crashes, completely flipping traditional map layout on its head.",esports_discourse
Giving Horizon Focus an extra ten ability haste makes it a highly competitive second item choice for long-range control mages like Xerath and Lux. The vision utility combined with the cheaper cost allows you to hit your mid-game map control spike way more reliably.,balance_discussion
"The new custom profile backgrounds and emote wheels look cool, but they are causing major UI lag inside the client lobby. Every time a friend joins the lobby with an animated mythic background, my entire client cursor hitches and freezes for two seconds before registering clicks.",community_meta
The regional skill gap between the LCK and the Western leagues feels wider than ever this year. Watching G2 try to play a standard front-to-back teamfight comp against Hanwha Life Esports showed that our regional drafting priorities are completely disconnected from the top-tier meta.,esports_discourse
"Increasing the total gold cost of Liandry's Torment by 100 gold is a necessary hotfix. The item was providing way too much individual wave clear and health scaling for a single component buy, allowing battle mages to completely stall out games they had no business winning.",balance_discussion
"The level of casual toxicity in normal draft games has skyrocketed since the ranked restrictions update. Now every high-elo player who got chat restricted in ranked is flooding normal games just to farm their unban requirements, completely ruining the experience for casual players.",community_meta
"The roster rumor mill for the upcoming roster lock is insane. According to the latest leaks from Sheep Esports, Cloud9 is looking to buyout an LCK academy mid laner to completely rebuild their core identity around native solo-queue talent for the next competitive cycle.",esports_discourse
Shifting the scaling on Nidalee's heal away from a flat base value and forcing it to scale harder with missing health makes her much healthier to play against. It stops her from completely erasing all lane trade damage with a single click while she's sitting safely behind her frontline.,balance_discussion
Is anyone else experiencing a bug where your in-game ping permanently locks at 120ms despite your internet speeds being perfectly fine on every other application? It only started happening after the server migration last week and it makes landing skillshots impossible.,community_meta
The post-match interview with Caps after their reverse sweep was pure gold. He explained that they completely threw away their original draft plan for game 4 and just decided to pick comfort champions they hadn't even practiced in scrims because they knew they had to play fast.,esports_discourse
The buffs to Death's Dance bringing back the magic resist mitigation profile makes it an absolute mandatory third item for bruisers against double AP compositions. It completely stops assassins from burst-killing you before you can reset your health bar via a combat takedown.,balance_discussion
"Riot's automated player support ticket loop needs to be completely overhauled. I submitted a detailed report with video timestamps of a player script-dodging skillshots, and the bot instantly closed the ticket with a generic 'we cannot disclose disciplinary actions' message.",community_meta
The upcoming international tournament format changes are exactly what the community has been begging for. Replacing the meaningless group stages with a Swiss-system format from day one means every single match actually carries massive tournament life stakes for the teams.,esports_discourse
"Lowering the base AD scaling on Caitlyn's headshot passive early game completely solves her oppressive level 1 tower-plating push strategy. She will still scale into a massive late-game sniper, but she can't just auto-win lane priority from the very first minion wave anymore.",balance_discussion
"The latest hotfix to Vanguard completely broke my dual-monitor setup. Whenever I have League open in borderless mode, moving my mouse cursor over to my second screen to adjust Discord causes the entire client window to lag out and drop down to 10 FPS until I restart the game process.",community_meta
"Reducing the attack speed scaling on Varus's passive early game is a massive hit to his lane priority. He was able to completely dominate early trades just by killing a single caster minion, which gave him an un-tradeable stat advantage over traditional hyper-carries.",balance_discussion
"If G2 Esports doesn't make it out of the Swiss stage at Worlds this year, it's time to officially dismantle this roster core. They have completely plateaued domestically, and their standard front-to-back teamfighting looks entirely uncoordinated against top-tier LPL squads.",esports_discourse
Giving Ravenous Hydra its active cleave property back completely shifts the rush priority for top lane duelists. Champions like Fiora and Riven can now completely ignore bad lane matchups by simply proxying waves and out-scaling through raw lifestyle and wave clear efficiency.,balance_discussion
"The text chat filtration system is completely out of control right now. I got hit with an automated chat restriction for saying 'our team comp is lagging behind' because the system flagged the word 'lagging' as toxic behavior. Meanwhile, actual soft-inters escape entirely unpunished.",community_meta
The post-match interview with the Gen.G head coach after their series sweep was incredibly insightful. He broke down how they intentionally baited out the opponent's blind pick Renekton because they knew they could completely neutralize its map pressure using a lane swap.,esports_discourse
"Lowering the base health regeneration on Doran's Shield makes it significantly harder for melee top laners to survive against ranged poke. If you get counter-picked by a Vayne or Twisted Fate now, you are essentially forced to give up three full waves of farm under your tower.",balance_discussion
"Can we please talk about how buggy the League client lobby chat interface has been since the mid-season patch? Half the time my premade party members cannot see my messages or champ trade requests, forcing us to constantly restart the client right before launching matchmaking.",community_meta
The narrative that North America is a minor region is getting completely rewritten after this tournament. FlyQuest's creative drafting and willingness to play completely non-meta picks like Amumu support showed that the gap between the West and the East isn't entirely mechanical.,esports_discourse
Shifting the damage profile on Nidalee away from her early game jungle camp clear speed and putting it into her late-game AP spear ratios is exactly what she needed. It forces her to actually look for active lane ganks instead of just out-farming you by two full items.,balance_discussion
"I've encountered three separate script-users in Diamond tier solo queue over the last two days. They are playing champions like Xerath and Kog'Maw, instantly dodging skillshots with frame-perfect movement. It feels like Vanguard is completely failing to catch these premium third-party tools.",community_meta
Seeing Faker pull out the mid lane Galio in game 5 of the regional finals was absolute poetry. It completely locked down the opponent's aggressive dive composition and proved that his veteran macro awareness is still the most valuable asset T1 possesses on stage.,esports_discourse
"The buffs to Black Cleaver providing 5% extra armor shred make it a mandatory rush item for bruisers against tank compositions. It gives champions like Aatrox enough armor penetration to completely ignore an early Warden's Mail buy, making side lane matching impossible.",balance_discussion
"Riot needs to do something about the state of normal draft games. Ever since they forced chat-restricted ranked players to farm wins in normal queues to unlock their accounts, normal games have become a toxic wasteland of high-elo players aggressively flame-flaming casual fans.",community_meta
"The latest tournament viewership analytics for the LCK are insane. The peak concurrent viewer count broke historical records during the grand finals match, proving that the competitive rivalry between Faker and Chovy is still the single biggest driver of global esports engagement.",esports_discourse
Increasing the total gold cost of Blackfire Torch by 100 gold is a necessary nerf to battle mages. The item was giving champions like Brand and Zyra an incredibly cheap two-item power spike that allowed them to completely run over teamfights just by landing a single AoE spell.,balance_discussion
"My client is stuck on a permanent 'calculating differences' loop every time an update drops. I have to go into the local file directory, delete the configuration lockfile, and run the Riot client as an administrator just to get the actual download bar to start progressing.",community_meta
"The tactical evolution of the support roaming meta in the LPL has completely changed how mid lane is played. Supports are now abandoning their ADC at level 3 to perma-sit in the mid lane bushes, turning the lane into a constant 2v2 skirmish zone from the early game onward.",esports_discourse
Giving Horizon Focus an extra 10 ability haste makes it an incredibly cost-effective second item buy for long-range poke champions like Ziggs and Lux. The vision utility combined with the cheap build components lets you control objective setups much more reliably.,balance_discussion
"The automated player support ticket loop is deeply frustrating. I submitted high-definition video proof of a player intentionally running down mid lane with Ghost and Cleanse because they got autofilled, and a bot instantly closed my ticket with a generic copy-pasted PR response.",community_meta
"Watching Fnatic's mid-game map movements during the LEC playoffs was genuinely painful. They consistently gave up tier-2 side lane towers for free just to contest un-stackable early dragons, completely throwing away the massive gold advantage their jungler secured in the early game.",esports_discourse
"Lowering the base AD scaling on Caitlyn's headshot passive early game completely solves her oppressive level 1 tower-plating strategy. She will still scale into a formidable late-game sniper, but she can't just auto-win lane priority from the very first minion wave anymore.",balance_discussion
Is anyone else experiencing a bug where your in-game ping permanently locks at exactly 120ms despite your local internet speeds being perfectly fine? It only started happening after the server migration last week and it makes landing or dodging skillshots completely impossible.,community_meta
The post-match press conference with Caps after their reverse sweep was incredible. He openly admitted that they completely threw out their original draft plan for game 4 and just picked high-comfort signature champions because they knew they had to play with zero fear.,esports_discourse
The upcoming patch 26.14 preview reducing the bonus attack speed on Jinx's passive after a takedown from 25% to 20% is completely justified. Her ability to snowball a chaotic teamfight off a single stray assist was making her completely warp the bot lane meta around herself.,balance_discussion
"Vanguard keeps triggering a 'system thread exception not handled' blue screen ever since the hotfix this morning. I've completely reinstalled League and the Riot Client twice, but as soon as the anti-cheat driver initialises on boot, my whole computer locks up entirely.",community_meta
"I really don't understand why the balance team decided to strip the flat armor penetration off the Dirk components. It completely kills the early game lethal thresholds for assassin junglers, forcing them to build fighter items instead just to survive early skirmishes.",balance_discussion
"The roster rumor mill for the upcoming season lock is insane. According to the latest leaks from Sheep Esports, Cloud9 is looking to buyout a top-tier LCK academy mid laner to completely rebuild their core identity around fresh, mechanical solo-queue talent.",esports_discourse
Riot needs to do something about the current state of Honor rewards. Getting a generic ward skin and two key fragments for reaching Honor Level 5 after grinding out games for an entire season feels completely unrewarding and gives players zero incentive to avoid toxic behavior.,community_meta
"The drafting phase in game 3 was an absolute disaster for Team Liquid. Blind picking Jayce into an unrevealed top lane matchup allowed the enemy team to immediately counter with Malphite, completely neutralizing Jayce's poke potential and forcing him into an awkward split-push state.",esports_discourse
"The changes to Liandry's Torment increasing its total recipe cost by 100 gold will heavily impact battle mages who rely on that early health spike. It delays their mid-game power curve, allowing scaling ADCs more time to finish their core magic resistance components.",balance_discussion
"Ever since the last client update, my item sets keep resetting back to default every single time I log out of my account. I spent hours configuring custom build paths for my main champions, and having to manually recreate them over and over is incredibly frustrating.",community_meta
"If G2 Esports wants any real chance of competing internationally at MSI, they need to stop relying entirely on Caps out-playing people in side lanes. Their macro coordination around early Rift Herald spawns looks incredibly sloppy compared to the top three LCK teams.",esports_discourse
"The latest client update completely broke custom keybind profiles. Every time I launch a match, my item slot smartcast settings reset back to default, causing me to accidentally flash when trying to use a health potion. Having to reconfigure my options menu in the middle of a level 1 invade is an incredibly annoying bug.",community_meta
"Lowering the base shielding on Janna’s E early game while increasing its cooldown by two seconds is a massive hit to her lane safety. She can no longer mindlessly absorb trade damage for her ADC during short skirmishes, forcing her to actively look for high-risk tornado hits to maintain priority.",balance_discussion
"Does anyone know why FlyQuest opted into a lane swap during game 2 when their bot lane had a massive drafting advantage? It felt like they panicked after losing game 1 and tried to copy an LCK style they haven’t fully practiced, completely throwing away their own early game win condition.",esports_discourse
The raw stat efficiency of the newly buffed Mortal Reminder makes it an incredibly strong third-item purchase even if the enemy team doesn't have massive healing. Getting armor penetration combined with a friendly gold curve allows crit-based ADCs to shred through frontline bruisers much earlier.,balance_discussion
"The behavioral automated filter system is an absolute joke. I got hit with a 3-day matchmaking suspension for typing 'please stop fighting randomly and let's group' because a 4-man premade flagged me for toxic language. Meanwhile, genuine griefers can run down side lanes completely unpunished.",community_meta
"Watching Faker navigate that late-game teamfight around the Baron pit in game 4 just proved why he is the irreplaceable anchor for T1. His mechanical micro-movements on Orianna completely disrupted Gen.G's dive comp, buying just enough space for his ADC to clean up the fight.",esports_discourse
"Reducing the attack speed scaling on Varus's passive early game is a massive blow to his laning phase. He used to be able to completely dictate trade priority just by securing a single caster minion kill, giving him an un-tradeable stat advantage over traditional hyper-carries.",balance_discussion
"Can we please address the game-breaking bug where the loading screen elements freeze at exactly 90%? You don't even realize you’ve disconnected until you hear the match announcer in the background, forcing you to Alt+F4 and reload into a match that your team has already remade.",community_meta
The narrative that the LPL is entering a severe decline is incredibly short-sighted. Just because their top two seeds dropped matches at MSI doesn't mean the entire region's hyper-aggressive macro identity is weak; their mid-tier teams still play a frantic skirmish style that would run over the West.,esports_discourse
Shifting Akali's damage profile away from her E burst and putting more scaling back into her Q is a fantastic balance direction. It forces players to actually manipulate her passive ring mechanic and hit multiple spell rotations to secure kills rather than relying on a single stray skillshot.,balance_discussion
"I've hit a wave of blatant scripters in Master tier over the past week. They're spamming high-range skillshot champions like Xerath and Kog'Maw, executing frame-perfect clicks to dodge skillshots from fog of war. It really feels like the automated anti-cheat engine is lagging behind these new script updates.",community_meta
"The post-match press conference with the G2 head coach was incredibly honest. He explicitly admitted that their map movements during the mid-game setups were completely uncoordinated because they fundamentally misread the opponent's teleport timings, taking full blame for the draft phase.",esports_discourse
The upcoming cost increase to Liandry's Torment will heavily penalize battle mages who rely on that early health spike to stall out games. Delaying their mid-game power curve gives traditional adcs much more breathing room to scale and complete their core magic resistance items.,balance_discussion
"Ever since Vanguard was implemented, my local Discord overlay completely locks up and crashes whenever League is running in full-screen mode. I've tried editing permissions and running everything as an administrator, but the kernel-level driver simply blocks the overlay hook.",community_meta
The regional skill gap between the LCK and the Western leagues looks wider than ever this year. Watching G2 try to execute a standard front-to-back teamfight comp against Hanwha Life Esports showed that our regional drafting priorities are completely disconnected from the top-tier meta.,esports_discourse
"Adding 5 base movement speed back to Graves is a highly volatile lever for the balance team to pull. It completely alters his early game jungle pathing efficiency, allowing him to full clear and contest the top scuttle crab five seconds faster than almost any power-farming competitor.",balance_discussion
"The surge of toxic leveled botted accounts in co-op vs AI matches is ruining the game for actual beginners. They just lock Ghost and Cleanse, run straight down the mid lane to auto-attack towers, and die on repeat to farm experience points. Riot support needs to sweep these instantly.",community_meta
"The modern practice tools are completely missing crucial quality-of-life updates. You still can't change your champion runes or swap out your summoner spells mid-session without exiting back to the main client lobby, making testing item interactions an incredibly tedious chore.",community_meta
Lowering the base critical strike chance damage modifier on Yasuo and Yone's passive from 2.5 to 2.2 completely changes their early game component spikes. They can no longer chunk down half a bruiser's health bar with just a single Cloak of Agility in side-lane skirmishes.,balance_discussion
"If Team Liquid wants to avoid getting completely stomped at the upcoming international bracket, they have to abandon their reliance on blind-picking scaling mid lane control mages. Their slow early map rotations leave their jungler completely exposed to aggressive vertical counter-jungling.",esports_discourse
"The armor penetration scaling on Seraph's Embrace shield scaling feels incredibly over-tuned on battle mages right now. Champions like Ryze and Kassadin gain a massive 600-point shield just for completing their core mana item, completely eliminating any window for assassin burst window counterplay.",balance_discussion
The chat automation moderation penalties have officially peaked in absurdity. I typed 'we need to split the map pressure' and was slapped with an instant automated match mute because the algorithm flagged the phrase as disruptive code. The system is completely broken.,community_meta
The mechanical teamfight coordination displayed by Hanwha Life Esports in game 3 was an absolute masterclass. The way their frontline perfectly layered crowd control to isolate the enemy carry before the objective even spawned is a strategic macro level the West simply cannot match.,esports_discourse
Reducing the true damage conversion ratio on Camille’s second Q cast from 100% to 85% at maximum rank is a much-needed adjustment. She was reaching a point where her late-game split-push presence forced opposing teams to commit three players just to hold a single tier-3 side-lane tower.,balance_discussion
Can someone explain why the client patch downloads keep stalling out at exactly 99% every single alternate week? I'm forced to manually delete the local config folder and run the Riot Client repair tool as an administrator just to get the actual execution file to launch.,community_meta
The narrative that the LCK regular season format is boring completely ignores how much strategic depth goes into their drafting prep. Teams spend an entire week analyzing minor vision habits of specific players just to execute a single level-1 lane swap effectively.,esports_discourse
Shifting the power distribution on Nidalee away from her early game passive movement speed and putting it into her base cougar form damage is exactly how she should be balanced. It forces her to commit to active lane skirmishes rather than simply out-running the opposing jungler across the map.,balance_discussion
"I ran into back-to-back script users in Diamond 1 tier matchmaking today. They were piloting Cassiopeia and Zerath, tracking micro-movements instantly from completely blind fog of war areas. It feels like the Vanguard automated database hasn't updated its flag list for this week's injects.",community_meta
"The post-match analyst desk did a phenomenal job breaking down Fnatic's atrocious objective setup in game 2. They highlighted exactly how their support player wasted both vision wards early, allowing the opposing team to secure a completely uncontested Baron flip from fog.",esports_discourse
"The raw gold efficiency of rushing an early Bramble Vest against heavy AD bruisers has become completely warping. It completely neutralizes the early lifesteal sustain of champions like Fiora or Irelia for a meager 800 gold, flattening out any individual lane skill expression.",balance_discussion
"Ever since the Vanguard engine update, my local streaming application completely freezes whenever the League client transitions from the lobby screen into the actual game loader. The background application hooks simply refuse to communicate with the kernel-level driver software.",community_meta
"The total viewer metrics for the regional qualification matches this weekend indicate a massive surge in competitive interest. The peak concurrent viewership reached historical highs during the final game-5 block, demonstrating that regional rivalries remain the primary driver of community hype.",esports_discourse
"Adding 10 base damage to Lee Sin’s Sonic Wave early game is an incredibly dangerous balancing lever. It completely rewrites his early jungle clearing breakpoints, allowing him to contest the initial scuttle crab skirmish with a significant health advantage over power-farming junglers.",balance_discussion
"The volume of automated level-30 bot accounts infiltrating the lower levels of normal matchmaking makes introducing new players to the game almost impossible. They just blindly march down side lanes with generic summoner spells, rendering every beginner match an unplayable 4v5 mess.",community_meta
"The drafting phase analysis from the LPL casting crew during the game-4 pause was world-class. They pointed out exactly how the red-side draft pivot completely trapped the opposing coach into picking an unpracticed blind tank, deciding the match outcome before the loading screen even finished.",esports_discourse
"Lowering the health scaling ratios on fighter items across the board is a fantastic balance direction. It forces top lane bruisers to actually choose between investing gold into defensive survivability or raw attack damage metrics, rather than getting a perfect hybrid of both statistics.",balance_discussion
"Is there any hidden configuration file to permanently disable the animated promotional backgrounds on the home page? Every single time a new skin event launches, the client lobby engine lags out completely and causes my matchmaking accept button to delay its audio cue.",community_meta
"The latest roster rumors circulating on social media regarding Cloud9's coaching staff change make perfect sense. Their strategic macro execution during early-game Rift Herald contests was completely stagnant all split, indicating a desperate need for fresh tactical leadership.",esports_discourse
Giving Ravenous Hydra its old active crescent active strike property back has completely revived lane-proxy strategies for Riven and Fiora. The wave-clear efficiency allows them to completely bypass unfavorable lane matchups by clearing entire minion waves behind tier-1 structures.,balance_discussion
"The current penalty structures for dodging champion selection screens completely fail to account for players holding the lobby hostage. If a player explicitly types that they are going to troll because their main got banned, I shouldn't be penalized with an hour-long queue lockout.",community_meta
"The social media banter trading back and forth between the LEC and LCS teams ahead of the international cross-over match is spectacular. It builds an immense amount of organic engagement for the tournament circuit, far more than standard promotional video packages achieve.",esports_discourse
Reducing the total recipe compilation cost of Executioner’s Calling by 50 gold makes it an incredibly responsive early-game buy for ADCs struggling against heavy healing setups. It allows you to stabilize lane priority without setting your primary core item spikes back significantly.,balance_discussion
I don't think people realize how bad the AP scaling nerf on Shyvana's E actually is. She completely drops out of the jungle meta because her clearing speeds at level 6 are delayed by almost 12 seconds.,balance_discussion
"Can we talk about the massive server latency spikes since the 26.12 deployment? My ping jumps from 20ms to 400ms randomly only when playing League, while every other game runs perfectly fine.",community_meta
The tactical adjustment by Gen.G to lane swap their hyper-carry down to the bottom tier-2 tower completely neutralized the early lane dominance of FlyQuest's aggressive draft in game 1.,esports_discourse
Riot really needs to update the Hextech crafting drop rates. Opening three Masterwork chests in a row just to receive two generic ward skins and an old emote feels incredibly unrewarding.,community_meta
"With the current gold cost reduction on Infinity Edge, crit-based ADCs are spiking way too early. Completing it as a first item makes mid-game skirmishes impossible for bruisers to navigate.",balance_discussion
The post-match interview with Caps was absolute gold. He openly admitted they completely threw out their scrim data and drafted entirely on comfort because they knew they had to play fast.,esports_discourse
Vanguard keeps triggering a 'system thread exception' blue screen on my rig ever since the micro-patch this morning. I've reinstalled the client twice but it still crashes on boot.,community_meta
Shifting Akali's damage distribution away from her E burst and putting more scaling back into her Q is the right direction. It forces her to actually manipulate her passive ring mechanic.,balance_discussion
"If Team Liquid wants to avoid an early elimination at the international bracket, they have to stop blind-picking scaling mid mages. Their slow map tempo leaves their jungler entirely exposed.",esports_discourse
Lowering the base health regeneration on Doran's Shield makes it significantly harder for melee top laners to survive. Ranged lane bullies can just completely zone you off minion waves.,balance_discussion
"The automated chat restriction filter has become entirely absurd. I typed 'our team coordination is lagging behind' and got an instant match mute. Meanwhile, actual griefers go unpunished.",community_meta
Seeing Faker pull out his signature Galio pick in game 5 of the regional finals was incredible. His veteran macro awareness completely neutralized the opponent's aggressive dive comp.,esports_discourse
"Rushing Fated Ashes for 900 gold has become an absolute cheat code for AP junglers. Brand and Zyra can clear camps with a single ability and walk away, leaving them healthy for every crab.",balance_discussion
My item sets keep resetting back to default every single time I log out of my account since the last client patch. Having to manually rebuild custom builds over and over is so frustrating.,community_meta
The regional skill gap between the LCK and Western leagues feels wider than ever. Watching our teams try to play front-to-back teamfights shows our priorities are completely disconnected.,esports_discourse
Reducing the true damage conversion ratio on Camille's second Q cast from 100% to 85% is a necessary nerf. Her late-game split-push presence forced teams to commit too many resources.,balance_discussion
"Is anyone else getting randomly disconnected by Vanguard error code VAN 1067 mid-game? It always happens right when an objective spawns, forcing a total PC reboot while we lose Baron.",community_meta
"The roster rumor mill for the upcoming lock is insane. According to the latest leaks from Sheep Esports, Cloud9 is looking to buyout a top-tier LCK academy mid to rebuild their identity.",esports_discourse
Giving Ravenous Hydra its active cleave property back completely shifts the rush priority for top lane duelists. They can just completely ignore bad lane matchups by proxying waves safely.,balance_discussion
The level of casual toxicity in normal draft games has skyrocketed since the ranked restrictions update. Chat-restricted players are flooding normals just to farm their unban requirements.,community_meta
The upcoming international tournament format changes are exactly what fans wanted. Replacing group stages with a Swiss-system format from day one means every single match carries high stakes.,esports_discourse
Lowering the base AD scaling on Caitlyn's headshot passive early game solves her oppressive tower-plating push strategy. She can't just auto-win lane priority from the very first wave anymore.,balance_discussion
"Riot's automated player support ticket loop needs to be overhauled. I submitted clear video proof of a player script-dodging skillshots, and a bot instantly closed it with a generic macro.",community_meta
"The drafting phase in game 3 was an absolute disaster for Team Liquid. Blind-picking Jayce into an unrevealed top lane allowed the enemy to counter with Malphite, completely killing his lane.",esports_discourse
Increasing the total gold cost of Liandry's Torment by 100 gold will heavily impact battle mages who rely on that early health spike. It delays their curve and gives ADCs time to scale.,balance_discussion
The Vanguard driver has an active conflict with some motherboard audio software since the last patch. Opening League causes my entire audio system to crackle and completely mute.,community_meta
The tactical evolution of the support roaming meta in the LPL has completely flipped mid lane strategy. Supports abandon their ADC at level 3 to perma-sit in the mid lane bushes.,esports_discourse
"Adding 5 base movement speed back to Graves is an incredibly volatile lever. It alters his pathing efficiency, allowing him to full clear and contest scuttle five seconds faster.",balance_discussion
"I've encountered multiple script-users in Diamond tier solo queue this week. They pilot Cassiopeia and Xerath, executing frame-perfect micro-clicks to dodge abilities from fog of war.",community_meta
"The LEC viewership numbers for the Spring Split finals are incredibly worrying. Even with a classic matchup, peak concurrent counts dropped by twenty percent compared to last year.",esports_discourse
